heading,status,note,program,name,records,active_2026-10-04,rate,description
9903.02.19,in effect,,deal-eu,EU Trade Deal Tariff (General Duty >= 15%),1,no,The duty provided in the applicable subheading,"Except for goods loaded onto a vessel at the port of loading and in transit on the final mode of transit before 12:01 a.m. eastern daylight time on August 7, 2025, and entered for consumption or withdrawn from warehouse for consumption before 12:01 a.m. eastern daylight time on October 5, 2025,except for products described in headings 9903.01.30–9903.01.33 and 9903.02.78 and 9903.02.74–9903.02.77, and except as provided for in headings 9903.01.34 and 9903.02.01, articles the product of the European Union, with an ad valorem (or ad valorem equivalent) rate of duty under column 1-General equal to or greater than 15 percent, as provided for in subdivision (v) of U.S. note 2 to this subchapter"
9903.02.20,in effect,,deal-eu,EU Trade Deal Tariff (Tops General Duty Up to 15%),1,no,15%,"Except for goods loaded onto a vessel at the port of loading and in transit on the final mode of transit before 12:01 a.m. eastern daylight time on August 7, 2025, and entered for consumption or withdrawn from warehouse for consumption before 12:01 a.m. eastern daylight time on October 5, 2025, except for products described in headings 9903.01.30–9903.01.33 and 9903.02.78 and 9903.02.74–9903.02.77, and except as provided for in headings 9903.01.34 and 9903.02.01, articles the product of the European Union, with an ad valorem (or ad valorem equivalent) rate of duty under column 1-General less than 15 percent, as provided for in subdivision (v) of U.S. note 2 to this subchapter"
9903.02.72,in effect,,deal-jp,Japan Trade Deal Tariff (When General Duty >=15%),1,no,The duty provided in the applicable subheading,"Except for goods loaded onto a vessel at the port of loading and in transit on the final mode of transit before 12:01 a.m. eastern daylight time on August 7, 2025, and entered for consumption or withdrawn from warehouse for consumption before 12:01 a.m. eastern daylight time on October 5, 2025, except for products described in headings 9903.01.30-9903.01.33 and 9903.02.78, and except as provided for in headings 9903.01.34, 9903.02.01, and 9903.96.02, articles the product of Japan, with an ad valorem (or ad valorem equivalent) rate of duty under column 1 equal to or greater than 15 percent, as provided for in subdivision (v) of U.S. note 2 to this subchapter"
9903.02.73,in effect,,deal-jp,Japan Trade Deal Tariff (Tops General Duty Up to 15%),1,no,15%,"Except for goods loaded onto a vessel at the port of loading and in transit on the final mode of transit before 12:01 a.m. eastern daylight time on August 7, 2025, and entered for consumption or withdrawn from warehouse for consumption before 12:01 a.m. eastern daylight time on October 5, 2025, except for products described in headings 9903.01.30-9903.01.33 and 9903.02.78, and except as provided for in headings 9903.01.34, 9903.02.01, and 9903.96.02, articles the product of Japan, with an ad valorem (or ad valorem equivalent) rate of duty under column 1 less than 15 percent, as provided for in subdivision (v) of U.S. note 2 to this subchapter"
9903.02.74,in effect,,deal-eu,"Articles of the European Union Exempt from Reciprocal Tariff listed in Ch.99, U.S. note 2(v)(xvi)",1,no,The duty provided in the applicable subheading,"Articles the product of the European Union, as provided for in subdivision (v)(xx) of U.S. note 2 to this subchapter"
9903.02.75,in effect,,deal-eu,Essential Oils of the European Union Exempt from Reciprocal Tariff,1,no,The duty provided in the applicable subheading,"Articles the product of the European Union, as provided for in subdivision (v)(xxi) of U.S. note 2 to this subchapter"
9903.02.76,in effect,,deal-eu,"Articles of Civil Aircraft of the European Union listed in Ch.99, U.S. note 2(v)(xviii)",1,no,The duty provided in the applicable subheading,"Articles of civil aircraft (all aircraft other than military aircraft); their engines, parts, and components; their other parts, components, and subassemblies; and ground flight simulators and their parts and components of the European Union, excluding unmanned aircraft, provided for in subdivision (v)(xxii) of U.S. note 2 to this subchapter"
9903.02.77,in effect,,deal-eu,"Non-patented Articles for Use in Pharmaceutical Applications of the European Union listed in Ch.99, U.S. note 2(v)(xix)",1,no,The duty provided in the applicable subheading,"Articles the product of the European Union that are non-patented articles for use in pharmaceutical applications, provided for in subdivision (v)(xxiii) of U.S. note 2 to this subchapter"
9903.02.78,in effect,,deal-kr,Argicultural Products Exempt from Reciprocal Tariffs,1,no,The duty provided in the applicable subheading,"Articles the product of any country, as provided for in subdivision (v)(iii)(b) of U.S. note 2 to this subchapter"
9903.02.79,in effect,,deal-kr,South Korea Trade Deal Tariff (When General Duty >=15%),1,no,The duty provided in the applicable subheading,"Except for products described in headings 9903.01.30–9903.01.33, 9903.02.78, and 9903.02.81, and except as provided for in headings 9903.01.34, 9903.02.01, articles the product of South Korea, with an ad valorem (or ad valorem equivalent) rate of duty under column 1-General or column 1-Special equal to or greater than 15 percent, as provided for in subdivision (v)(xxiv)(a) of U.S. note 2 to this subchapter."
9903.02.80,in effect,,deal-kr,South Korea Trade Deal Tariff (Tops General Duty Up to 15%),1,no,15%,"Except for products described in headings 9903.01.30–9903.01.33, 9903.02.78, and 9903.02.81, and except as provided for in headings 9903.01.34, 9903.02.01, articles the product of South Korea, with an ad valorem (or ad valorem equivalent) rate of duty under column 1-General or column 1-Special less than 15 percent, as provided for in subdivision (v)(xxiv)(a) of U.S. note 2 to this subchapter."
9903.02.81,in effect,,deal-kr,Articles of Civil Aircraft of South Korea,1,no,The duty provided in the applicable subheading,"Articles of civil aircraft (all aircraft other than military aircraft); their engines, parts, and components; their other parts, components, and subassemblies; and ground flight simulators and their parts and components of South Korea, excluding unmanned aircraft, provided for in subdivision (v)(xxiv)(b) of U.S. note 2 to this subchapter"
9903.03.01,expired,Expired,122,Section 122 Tariff,1,no,The duty provided in the applicable subheading + 10%,"Except for products described in headings 9903.03.02–9903.03.11, articles the product of any country, as provided for in subdivision (aa) of U.S. note 2 to this subchapter"
9903.03.02,expired,Expired,122,"122 Exemption: Articles Loaded Prior to Feb 24, or Entered for Consumption Before Feb 28",1,no,The duty provided in the applicable subheading,"Articles the product of any country that (1) were loaded onto a vessel at the port of loading and in transit on the final mode of transit prior to entry into the United States, before 12:01 a.m. eastern standard time on February 24, 2026; and (2) are entered for consumption, or withdrawn from warehouse for consumption, before 12:01 a.m. eastern standard time on February 28, 2026"
9903.03.03,expired,Expired,122,122 Exemption: Specific Articles,1,no,The duty provided in the applicable subheading,"Articles the product of any country, as provided for in subdivision (aa)(ii) of U.S. note 2 to this subchapter"
9903.03.04,expired,Expired,122,122 Exemption: Agricultural Products,1,no,The duty provided in the applicable subheading,"Articles the product of any country, as provided for in subdivision (aa)(iii) of U.S. note 2 to this subchapter"
9903.03.05,expired,Expired,122,122 Exemption: Civil Aircraft Article,1,no,The duty provided in the applicable subheading,"Articles of civil aircraft (all aircraft other than military aircraft); their engines, parts and components; their other parts, components and subassemblies; and ground flight simulators and their parts and components of any country, provided for in subdivision (aa)(iv) of U.S. note 2 to this subchapter"
9903.03.06,expired,Expired,122,122 Exemption: Section 232 Articles,4,no,The duty provided in the applicable subheading,"Articles of aluminum, of steel, or of copper or derivative aluminum or steel articles; passenger vehicles (sedans, sport utility vehicles, crossover utility vehicles, minivans, and cargo vans) and light trucks; parts of passenger vehicles (sedans, sport utility vehicles, crossover utility vehicles, minivans, and cargo vans) and light trucks; medium- and heavy-duty vehicles; parts of medium- and heavy-duty vehicles; wood products; and semiconductor articles, of any country, as provided in subdivision (aa)(v) of U.S. note 2 to this subchapter [Compiler's note: A modification to this heading was proclaimed after its expiration by 91 Fed. Reg. 18183. Consult U.S. Customs and Border Protection with any questions.]"
9903.03.07,expired,Expired,122,122 Exemption: Articles of Canada Entered via USMCA,1,no,The duty provided in the applicable subheading,"Articles the product of Canada, as provided for in subdivision (aa)(vi) of U.S. note 2 to this subchapter"
9903.03.08,expired,Expired,122,122 Exemption: Articles of Mexico Entered via USMCA,1,no,The duty provided in the applicable subheading,"Articles the product of Mexico, as provided for in subdivision (aa)(vii) of U.S. note 2 to this subchapter"
9903.03.09,expired,Expired,122,122 Exemption: Articles of Apparel Entered via CAFTA-DR,1,no,The duty provided in the applicable subheading,"Articles of textiles or apparel the product of Costa Rica, the Dominican Republic, El Salvador, Guatemala, Honduras or Nicaragua, as provided for in subdivision (aa)(viii) of U.S. note 2 to this subchapter"
9903.03.10,expired,Expired,122,122 Exemption: Donation,1,no,The duty provided in the applicable subheading,"Articles that are donations, by persons subject to the jurisdiction of the United States, such as food, clothing and medicine, intended to be used to relieve human suffering"
9903.03.11,expired,Expired,122,122 Exemption: Information Material,1,no,The duty provided in the applicable subheading,"Articles that are informational materials, including but not limited to publications, films, posters, phonograph records, photographs, microfilms, microfiche, tapes, compact disks, CD ROMs, artworks and news wire feeds"
9903.03.12,in effect,,338-canada,Section 338 – Canada (note 51(b)(1)),2,yes,The duty provided in the applicable subheading + 50%,Articles the product of Canada as provided in subdivision (b)(1) of U.S. note 51 to this subchapter
9903.03.13,in effect,,338-canada,Section 338 – Canada (note 51(b)(2)),1,yes,The duty provided in the applicable subheading + 50%,Articles the product of Canada as provided in subdivision (b)(2) of U.S. note 51 to this subchapter
9903.03.14,in effect,,338-canada,Section 338 – Canada (note 51(b)(3)),2,yes,The duty provided in the applicable subheading + 50%,Articles the product of Canada as provided in subdivision (b)(3) of U.S. note 51 to this subchapter
9903.03.15,in effect,,338-canada,Section 338 Canada Exemption: Section 232 Articles,1,yes,No change,"Articles of aluminum, of steel or of copper or derivative aluminum or steel articles; passenger vehicles (sedans, sport utility vehicles, crossover utility vehicles, minivans and cargo vans) and light trucks; parts of passenger vehicles (sedans, sport utility vehicles, crossover utility vehicles, minivans and cargo vans) and light trucks; medium- and heavy-duty vehicles; parts of medium- and heavy-duty vehicles; wood products; semiconductor articles; and patented pharmaceutical articles, as provided in subdivision (c) of U.S. note 51 to this subchapter"
9903.03.16,in effect,,338-canada,Section 338 Canada Exemption: Civil Aircraft Articles,1,yes,No change,"Articles of civil aircraft (all aircraft other than military aircraft and unmanned aircraft); their engines, parts and components; their other parts, components and subassemblies; and ground flight simulators and their parts and components the product of Canada, as provided for in subdivision (d) of U.S. note 51 to this subchapter"
9903.04.60,in effect,,232-pharmaceuticals,Section 232 – Patented Pharmaceuticals,2,yes,100%,"Except as provided in heading 9903.04.61, patented pharmaceutical articles as provided for in subdivisions (c) and (d) of U.S. note 40 to this subchapter"
9903.04.61,in effect,,232-pharmaceuticals,"Section 232 Pharmaceuticals: Companies Identified by the Secretary (Before Sep 29, 2026)",1,no,The duty provided in the applicable subheading,"Patented pharmaceutical articles entered before 12:01 a.m. eastern time on September 29, 2026 as provided for in subdivisions (c) and (e) of U.S. note 40 to this subchapter"
9903.04.62,in effect,,232-pharmaceuticals,"Section 232 Pharmaceuticals: Japan, EU, South Korea, Switzerland, Liechtenstein (15% Total)",2,yes,15%,"Patented pharmaceutical articles that are the product of Japan, of a European Union member country, of South Korea, of Switzerland, or of Liechtenstein as provided for in subdivisions (c) and (f) of U.S. note 40 to this subchapter"
9903.04.63,in effect,,232-pharmaceuticals,Section 232 Pharmaceuticals: United Kingdom,2,yes,The duty provided in the applicable subheading +0%,Patented pharmaceutical articles that are the product of the United Kingdom as defined in subdivisions (c) and (g) of U.S. note 40 to this subchapter
9903.04.64,in effect,,232-pharmaceuticals,Section 232 Pharmaceuticals: Qualifying Onshoring Plan,2,yes,The duty provided in the applicable subheading + 20%,"Patented pharmaceutical articles subject to a qualifying onshoring plan, as provided for in subdivisions (c) and (h)(i) of U.S. note 40 to this subchapter"
9903.04.65,in effect,,232-pharmaceuticals,Section 232 Pharmaceuticals: Onshoring Plan and MFN Pricing Agreement,2,yes,The duty provided in the applicable subheading + 0%,"Pharmaceutical articles subject to a qualifying onshoring plan and a Most-Favored-Nation pharmaceutical pricing agreement, as provided for in subdivisions (c) and (h)(ii) of U.S. note 40 to this subchapter"
9903.04.66,in effect,,232-pharmaceuticals,Section 232 Pharmaceuticals: Specialty Products,2,yes,The duty provided in the applicable subheading + 0%,Drugs and pharmaceutical articles for the specific uses provided in subdivisions (c) and (h)(iii) of U.S. note 40 to this subchapter
9903.04.67,in effect,,232-pharmaceuticals,Section 232 Pharmaceuticals: Generic Pharmaceuticals,1,yes,The duty provided in the applicable subheading,"Generic pharmaceutical articles, as provided for in subdivision (c) of U.S. note 40 to this subchapter"
9903.04.68,in effect,,232-pharmaceuticals,Section 232 Pharmaceuticals: U.S. Active Ingredient in Dosage Form,1,yes,The duty provided in the applicable subheading,Pharmaceutical products with an active pharmaceutical ingredient packaged in dosage form that is a product of the United States
9903.04.69,in effect,,232-pharmaceuticals,Section 232 Pharmaceuticals: Not a Pharmaceutical Article,1,yes,The duty provided in the applicable subheading,Articles as provided for in subdivision (i) of U.S. note 40 to this subchapter
9903.04.70,in effect,,232-pharmaceuticals,"Section 232 Pharmaceuticals: Clinical Trials, R&D and Non-Commercial Use",1,yes,The duty provided in the applicable subheading + 0%,"Pharmaceutical articles and associated ingredients provided for in subdivision (c) of U.S. note 40 to this subchapter that are solely for use in clinical trials, research and development, or other non-commercial applications."
9903.05.01,in effect,,301-brazil,Section 301 – Brazil,1,yes,The duty provided in the applicable subheading + 25%,"Except for products described in headings 9903.05.02–9903.05.09, articles the product of Brazil, as provided for in subdivision (a) of U.S. note 50 to this subchapter"
9903.05.02,in effect,,301-brazil,"Section 301 Brazil Exemption: Articles Loaded Before July 22, Entered Before July 29",1,no,The duty provided in the applicable subheading,"Articles the product of Brazil that (1) were loaded onto a vessel at the port of loading and in transit on the final mode of transit prior to entry into the United States before 12:01 a.m. eastern time on July 22, 2026; and (2) are entered for consumption, or withdrawn from warehouse for consumption, before 12:01 a.m. eastern time on July 29, 2026"
9903.05.03,in effect,,301-brazil,Section 301 Brazil Exemption: Specific Articles,1,yes,The duty provided in the applicable subheading,"Articles the product of Brazil, as provided for in subdivision (a)(ii) of U.S. note 50 to this subchapter"
9903.05.04,in effect,,301-brazil,Section 301 Brazil Exemption: Particular Articles,1,yes,The duty provided in the applicable subheading,"Articles the product of Brazil, as provided for in subdivision (a)(iii) of U.S. note 50 to this subchapter"
9903.05.05,in effect,,301-brazil,Section 301 Brazil Exemption: Civil Aircraft Articles,1,yes,The duty provided in the applicable subheading,"Articles of civil aircraft (all aircraft other than military aircraft); their engines, parts and components; their other parts, components and subassemblies; and ground flight simulators and their parts and components of Brazil, as provided for in subdivision (a)(iv) of U.S. note 50 to this subchapter"
9903.05.06,in effect,,301-brazil,Section 301 Brazil Exemption: Articles for Use in Pharmaceutical Applications,1,yes,The duty provided in the applicable subheading,"Articles the product of Brazil that are articles for use in pharmaceutical applications, as provided for in subdivision (a)(v) of U.S. note 50 to this subchapter"
9903.05.07,in effect,,301-brazil,Section 301 Brazil Exemption: Section 232 Articles,2,yes,The duty provided in the applicable subheading,"Articles of aluminum, of steel, or of copper or derivative aluminum or steel articles; passenger vehicles (sedans, sport utility vehicles, crossover utility vehicles, minivans, and cargo vans) and light trucks; parts of passenger vehicles (sedans, sport utility vehicles, crossover utility vehicles, minivans, and cargo vans) and light trucks; medium- and heavy-duty vehicles; parts of medium- and heavy-duty vehicles; wood products; patented pharmaceutical articles; and semiconductor articles, of Brazil, as provided in subdivision (a)(vi) of U.S. note 50 to this subchapter"
9903.05.08,in effect,,301-brazil,Section 301 Brazil Exemption: Donation,1,yes,The duty provided in the applicable subheading,"Articles the product of Brazil that are donations by persons subject to the jurisdiction of the United States, such as food, clothing and medicine, intended to be used to relieve human suffering"
9903.05.09,in effect,,301-brazil,Section 301 Brazil Exemption: Information Material,1,yes,The duty provided in the applicable subheading,"Articles the product of Brazil that are informational materials, including but not limited to publications, films, posters, phonograph records, photographs, microfilms, microfiche, tapes, compact disks, CD ROMs, artworks and news wire feeds"
9903.05.20,in effect,,301-forced-labor,Section 301 Forced Labor – Algeria,1,yes,The duty provided in the applicable subheading + 12.5%,"Except for products described in headings 9903.05.85–9903.05.92, articles the product of Algeria, as provided for in U.S. note 52 to this subchapter"
9903.05.21,in effect,,301-forced-labor,Section 301 Forced Labor – Angola,1,yes,The duty provided in the applicable subheading + 12.5%,"Except for products described in headings 9903.05.85–9903.05.92, articles the product of Angola, as provided for in U.S. note 52 to this subchapter"
9903.05.22,in effect,,301-forced-labor,Section 301 Forced Labor – Argentina,1,yes,The duty provided in the applicable subheading + 10%,"Except for products described in headings 9903.05.85–9903.05.92 and 9903.06.10–9903.06.11, articles the product of Argentina, as provided for in U.S. note 52 to this subchapter"
9903.05.23,in effect,,301-forced-labor,Section 301 Forced Labor – Australia,1,yes,The duty provided in the applicable subheading + 12.5%,"Except for products described in headings 9903.05.85–9903.05.92, articles the product of Australia, as provided for in U.S. note 52 to this subchapter"
9903.05.24,in effect,,301-forced-labor,Section 301 Forced Labor – Bahamas,1,yes,The duty provided in the applicable subheading + 12.5%,"Except for products described in headings 9903.05.85–9903.05.92, articles the product of the Bahamas, as provided for in U.S. note 52 to this subchapter"
9903.05.25,in effect,,301-forced-labor,Section 301 Forced Labor – Bahrain,1,yes,The duty provided in the applicable subheading + 12.5%,"Except for products described in headings 9903.05.85–9903.05.92, articles the product of Bahrain, as provided for in U.S. note 52 to this subchapter"
9903.05.26,in effect,,301-forced-labor,Section 301 Forced Labor – Bangladesh,1,yes,The duty provided in the applicable subheading + 10%,"Except for products described in headings 9903.05.85–9903.05.92 and 9903.06.12–9903.06.13, articles the product of Bangladesh, as provided for in U.S. note 52 to this subchapter"
9903.05.27,in effect,,301-forced-labor,Section 301 Forced Labor – Brazil,1,yes,The duty provided in the applicable subheading + 12.5%,"Except for products described in headings 9903.05.85–9903.05.92, articles the product of Brazil, as provided for in U.S. note 52 to this subchapter"
9903.05.28,in effect,,301-forced-labor,Section 301 Forced Labor – Cambodia,1,yes,The duty provided in the applicable subheading + 10%,"Except for products described in headings 9903.05.85–9903.05.92 and 9903.06.02–9903.06.03, articles the product of Cambodia, as provided for in U.S. note 52 to this subchapter"
9903.05.29,in effect,,301-forced-labor,Section 301 Forced Labor – Canada,1,yes,The duty provided in the applicable subheading + 10%,"Except for products described in headings 9903.05.85–9903.05.93, articles the product of Canada, as provided for in U.S. note 52 to this subchapter"
9903.05.30,in effect,,301-forced-labor,Section 301 Forced Labor – Chile,1,yes,The duty provided in the applicable subheading + 12.5%,"Except for products described in headings 9903.05.85–9903.05.92, articles the product of Chile, as provided for in U.S. note 52 to this subchapter"
9903.05.31,in effect,,301-forced-labor,Section 301 Forced Labor – China,1,yes,The duty provided in the applicable subheading + 12.5%,"Except for products described in headings 9903.05.85–9903.05.92, articles the product of China, as provided for in U.S. note 52 to this subchapter"
9903.05.32,in effect,,301-forced-labor,Section 301 Forced Labor – Colombia,1,yes,The duty provided in the applicable subheading + 12.5%,"Except for products described in headings 9903.05.85–9903.05.92, articles the product of Colombia, as provided for in U.S. note 52 to this subchapter"
9903.05.33,in effect,,301-forced-labor,Section 301 Forced Labor – Costa Rica,1,yes,The duty provided in the applicable subheading + 12.5%,"Except for products described in headings 9903.05.85–9903.05.92 and 9903.05.95, articles the product of Costa Rica, as provided for in U.S. note 52 to this subchapter"
9903.05.34,in effect,,301-forced-labor,Section 301 Forced Labor – Dominican Republic,1,yes,The duty provided in the applicable subheading + 12.5%,"Except for products described in headings 9903.05.85–9903.05.92 and 9903.05.95, articles the product of Dominican Republic, as provided for in U.S. note 52 to this subchapter"
9903.05.35,in effect,,301-forced-labor,Section 301 Forced Labor – Ecuador,1,yes,The duty provided in the applicable subheading + 10%,"Except for products described in headings 9903.05.85–9903.05.92 and 9903.06.18–9903.06.19, articles the product of Ecuador, as provided for in U.S. note 52 to this subchapter"
9903.05.36,in effect,,301-forced-labor,Section 301 Forced Labor – Egypt,1,yes,The duty provided in the applicable subheading + 12.5%,"Except for products described in headings 9903.05.85–9903.05.92, articles the product of Egypt, as provided for in U.S. note 52 to this subchapter"
9903.05.37,in effect,,301-forced-labor,Section 301 Forced Labor – El Salvador,1,yes,The duty provided in the applicable subheading + 10%,"Except for products described in headings 9903.05.85–9903.05.92, 9903.05.95 and 9903.06.07–9903.06.09, articles the product of El Salvador, as provided for in U.S. note 52 to this subchapter"
9903.05.38,in effect,,301-forced-labor,Section 301 Forced Labor – the European Union (General Duty ≥10%),1,yes,The duty provided in the applicable subheading,"Except for products described in headings 9903.05.85–9903.05.92 and 9903.05.97, articles the product of a member state of the European Union, with an ad valorem (or ad valorem equivalent) rate of duty under column 1 equal to or greater than 10 percent, as provided for in U.S. note 52 to this subchapter"
9903.05.39,in effect,,301-forced-labor,Section 301 Forced Labor – the European Union (Tops General Duty Up to 10%),1,yes,10%,"Except for products described in headings 9903.05.85–9903.05.92 and 9903.05.97, articles the product of a member state of the European Union, with an ad valorem (or ad valorem equivalent) rate of duty under column 1 less than 10 percent, as provided for in U.S. note 52 to this subchapter"
9903.05.40,in effect,,301-forced-labor,Section 301 Forced Labor – Guatemala,1,yes,The duty provided in the applicable subheading + 10%,"Except for products described in headings 9903.05.85–9903.05.92, 9903.05.95 and 9903.06.04–9903.06.06, articles the product of Guatemala, as provided for in U.S. note 52 to this subchapter"
9903.05.41,in effect,,301-forced-labor,Section 301 Forced Labor – Guyana,1,yes,The duty provided in the applicable subheading + 12.5%,"Except for products described in headings 9903.05.85–9903.05.92, articles the product of Guyana, as provided for in U.S. note 52 to this subchapter"
9903.05.42,in effect,,301-forced-labor,Section 301 Forced Labor – Honduras,1,yes,The duty provided in the applicable subheading + 10%,"Except for products described in headings 9903.05.85–9903.05.92 and 9903.05.95, articles the product of Honduras, as provided for in U.S. note 52 to this subchapter"
9903.05.43,in effect,,301-forced-labor,"Section 301 Forced Labor – Hong Kong, China",1,yes,The duty provided in the applicable subheading + 12.5%,"Except for products described in headings 9903.05.85–9903.05.92, articles the product of Hong Kong, China, as provided for in U.S. note 52 to this subchapter"
9903.05.44,in effect,,301-forced-labor,Section 301 Forced Labor – India,1,yes,The duty provided in the applicable subheading + 10%,"Except for products described in headings 9903.05.85–9903.05.92, articles the product of India, as provided for in U.S. note 52 to this subchapter"
9903.05.45,in effect,,301-forced-labor,Section 301 Forced Labor – Indonesia,1,yes,The duty provided in the applicable subheading + 10%,"Except for products described in headings 9903.05.85–9903.05.92 and 9903.06.16–9903.06.17, articles the product of Indonesia, as provided for in U.S. note 52 to this subchapter"
9903.05.46,in effect,,301-forced-labor,Section 301 Forced Labor – Iraq,1,yes,The duty provided in the applicable subheading + 12.5%,"Except for products described in headings 9903.05.85–9903.05.92, articles the product of Iraq, as provided for in U.S. note 52 to this subchapter"
9903.05.47,in effect,,301-forced-labor,Section 301 Forced Labor – Israel,1,yes,The duty provided in the applicable subheading + 12.5%,"Except for products described in headings 9903.05.85–9903.05.92, articles the product of Israel, as provided for in U.S. note 52 to this subchapter"
9903.05.48,in effect,,301-forced-labor,Section 301 Forced Labor – Japan (General Duty ≥12.5%),1,yes,The duty provided in the applicable subheading,"Except for products described in headings 9903.05.85–9903.05.92, articles the product of Japan, with an ad valorem (or ad valorem equivalent) rate of duty under column 1 equal to or greater than 12.5 percent, as provided for in U.S. note 52 to this subchapter"
9903.05.49,in effect,,301-forced-labor,Section 301 Forced Labor – Japan (Tops General Duty Up to 12.5%),1,yes,12.5%,"Except for products described in headings 9903.05.85–9903.05.92, articles the product of Japan, with an ad valorem (or ad valorem equivalent) rate of duty under column 1 less than 12.5 percent, as provided for in U.S. note 52 to this subchapter"
9903.05.50,in effect,,301-forced-labor,Section 301 Forced Labor – Jordan,1,yes,The duty provided in the applicable subheading + 10%,"Except for products described in headings 9903.05.85–9903.05.92 and 9903.06.20–9903.06.21, articles the product of Jordan, as provided for in U.S. note 52 to this subchapter"
9903.05.51,in effect,,301-forced-labor,Section 301 Forced Labor – Kazakhstan,1,yes,The duty provided in the applicable subheading + 12.5%,"Except for products described in headings 9903.05.85–9903.05.92, articles the product of Kazakhstan, as provided for in U.S. note 52 to this subchapter"
9903.05.52,in effect,,301-forced-labor,Section 301 Forced Labor – Kuwait,1,yes,The duty provided in the applicable subheading + 12.5%,"Except for products described in headings 9903.05.85–9903.05.92, articles the product of Kuwait, as provided for in U.S. note 52 to this subchapter"
9903.05.53,in effect,,301-forced-labor,Section 301 Forced Labor – Libya,1,yes,The duty provided in the applicable subheading + 12.5%,"Except for products described in headings 9903.05.85–9903.05.92, articles the product of Libya, as provided for in U.S. note 52 to this subchapter"
9903.05.54,in effect,,301-forced-labor,Section 301 Forced Labor – Malaysia,1,yes,The duty provided in the applicable subheading + 10%,"Except for products described in headings 9903.05.85–9903.05.92 and 9903.05.99–9903.06.01, articles the product of Malaysia, as provided for in U.S. note 52 to this subchapter"
9903.05.55,in effect,,301-forced-labor,Section 301 Forced Labor – Mexico,1,yes,The duty provided in the applicable subheading + 10%,"Except for products described in headings 9903.05.85–9903.05.92 and 9903.05.94, articles the product of Mexico, as provided for in U.S. note 52 to this subchapter"
9903.05.56,in effect,,301-forced-labor,Section 301 Forced Labor – Morocco,1,yes,The duty provided in the applicable subheading + 12.5%,"Except for products described in headings 9903.05.85–9903.05.92, articles the product of Morocco, as provided for in U.S. note 52 to this subchapter"
9903.05.57,in effect,,301-forced-labor,Section 301 Forced Labor – New Zealand,1,yes,The duty provided in the applicable subheading + 12.5%,"Except for products described in headings 9903.05.85–9903.05.92, articles the product of New Zealand, as provided for in U.S. note 52 to this subchapter"
9903.05.58,in effect,,301-forced-labor,Section 301 Forced Labor – Nicaragua,1,yes,The duty provided in the applicable subheading + 12.5%,"Except for products described in headings 9903.05.85–9903.05.92 and 9903.05.95, articles the product of Nicaragua, as provided for in U.S. note 52 to this subchapter"
9903.05.59,in effect,,301-forced-labor,Section 301 Forced Labor – Nigeria,1,yes,The duty provided in the applicable subheading + 12.5%,"Except for products described in headings 9903.05.85–9903.05.92, articles the product of Nigeria, as provided for in U.S. note 52 to this subchapter"
9903.05.60,in effect,,301-forced-labor,Section 301 Forced Labor – Norway,1,yes,The duty provided in the applicable subheading + 12.5%,"Except for products described in headings 9903.05.85–9903.05.92, articles the product of Norway, as provided for in U.S. note 52 to this subchapter"
9903.05.61,in effect,,301-forced-labor,Section 301 Forced Labor – Oman,1,yes,The duty provided in the applicable subheading + 12.5%,"Except for products described in headings 9903.05.85–9903.05.92, articles the product of Oman, as provided for in U.S. note 52 to this subchapter"
9903.05.62,in effect,,301-forced-labor,Section 301 Forced Labor – Pakistan,1,yes,The duty provided in the applicable subheading + 10%,"Except for products described in headings 9903.05.85–9903.05.92, articles the product of Pakistan, as provided for in U.S. note 52 to this subchapter"
9903.05.63,in effect,,301-forced-labor,Section 301 Forced Labor – Peru,1,yes,The duty provided in the applicable subheading + 12.5%,"Except for products described in headings 9903.05.85–9903.05.92, articles the product of Peru, as provided for in U.S. note 52 to this subchapter"
9903.05.64,in effect,,301-forced-labor,Section 301 Forced Labor – Philippines,1,yes,The duty provided in the applicable subheading + 12.5%,"Except for products described in headings 9903.05.85–9903.05.92, articles the product of the Philippines, as provided for in U.S. note 52 to this subchapter"
9903.05.65,in effect,,301-forced-labor,Section 301 Forced Labor – Qatar,1,yes,The duty provided in the applicable subheading + 12.5%,"Except for products described in headings 9903.05.85–9903.05.92, articles the product of Qatar, as provided for in U.S. note 52 to this subchapter"
9903.05.66,in effect,,301-forced-labor,Section 301 Forced Labor – Russia,1,yes,The duty provided in the applicable subheading + 12.5%,"Except for products described in headings 9903.05.85–9903.05.92, articles the product of Russia, as provided for in U.S. note 52 to this subchapter"
9903.05.67,in effect,,301-forced-labor,Section 301 Forced Labor – Saudi Arabia,1,yes,The duty provided in the applicable subheading + 12.5%,"Except for products described in headings 9903.05.85–9903.05.92, articles the product of Saudi Arabia, as provided for in U.S. note 52 to this subchapter"
9903.05.68,in effect,,301-forced-labor,Section 301 Forced Labor – Singapore,1,yes,The duty provided in the applicable subheading + 12.5%,"Except for products described in headings 9903.05.85–9903.05.92, articles the product of Singapore, as provided for in U.S. note 52 to this subchapter"
9903.05.69,in effect,,301-forced-labor,Section 301 Forced Labor – South Africa,1,yes,The duty provided in the applicable subheading + 12.5%,"Except for products described in headings 9903.05.85–9903.05.92, articles the product of South Africa, as provided for in U.S. note 52 to this subchapter"
9903.05.70,in effect,,301-forced-labor,Section 301 Forced Labor – South Korea (General Duty ≥12.5%),1,yes,The duty provided in the applicable subheading,"Except for products described in headings 9903.05.85–9903.05.92, articles the product of South Korea, with an ad valorem (or ad valorem equivalent) rate of duty under column 1 equal to or greater than 12.5 percent, as provided for in U.S. note 52 to this subchapter"
9903.05.71,in effect,,301-forced-labor,Section 301 Forced Labor – South Korea (Tops General Duty Up to 12.5%),1,yes,12.5%,"Except for products described in headings 9903.05.85–9903.05.92, articles the product of South Korea, with an ad valorem (or ad valorem equivalent) rate of duty under column 1 less than 12.5 percent, as provided for in U.S. note 52 to this subchapter"
9903.05.72,in effect,,301-forced-labor,Section 301 Forced Labor – Sri Lanka,1,yes,The duty provided in the applicable subheading + 10%,"Except for products described in headings 9903.05.85–9903.05.92, articles the product of Sri Lanka, as provided for in U.S. note 52 to this subchapter"
9903.05.73,in effect,,301-forced-labor,Section 301 Forced Labor – Switzerland (General Duty ≥12.5%),1,yes,The duty provided in the applicable subheading,"Except for products described in headings 9903.05.85–9903.05.92 and 9903.05.98, articles the product of Switzerland, with an ad valorem (or ad valorem equivalent) rate of duty under column 1 equal to or greater than 12.5 percent, as provided for in U.S. note 52 to this subchapter ."
9903.05.74,in effect,,301-forced-labor,Section 301 Forced Labor – Switzerland (Tops General Duty Up to 12.5%),1,yes,12.5%,"Except for products described in headings 9903.05.85–9903.05.92 and 9903.05.98, articles the product of Switzerland, with an ad valorem (or ad valorem equivalent) rate of duty under column 1 less than 12.5 percent, as provided for in U.S. note 52 to this subchapter"
9903.05.75,in effect,,301-forced-labor,Section 301 Forced Labor – Taiwan (General Duty ≥10%),1,yes,The duty provided in the applicable subheading,"Except for products described in headings 9903.05.85–9903.05.92 and 9903.06.14–9903.06.15, articles the product of Taiwan, with an ad valorem (or ad valorem equivalent) rate of duty under column 1 equal to or greater than 10 percent, as provided for in U.S. note 52 to this subchapter"
9903.05.76,in effect,,301-forced-labor,Section 301 Forced Labor – Taiwan (Tops General Duty Up to 10%),1,yes,10%,"Except for products described in headings 9903.05.85–9903.05.92 and 9903.06.14–9903.06.15, articles the product of Taiwan, with an ad valorem (or ad valorem equivalent) rate of duty under column 1 less than 10 percent, as provided for in U.S. note 52 to this subchapter"
9903.05.77,in effect,,301-forced-labor,Section 301 Forced Labor – Thailand,1,yes,The duty provided in the applicable subheading + 12.5%,"Except for products described in headings 9903.05.85–9903.05.92, articles the product of Thailand, as provided for in U.S. note 52 to this subchapter"
9903.05.78,in effect,,301-forced-labor,Section 301 Forced Labor – Trinidad and Tobago,1,yes,The duty provided in the applicable subheading + 10%,"Except for products described in headings 9903.05.85–9903.05.92, articles the product of Trinidad and Tobago, as provided for in U.S. note 52 to this subchapter"
9903.05.79,in effect,,301-forced-labor,Section 301 Forced Labor – Türkiye,1,yes,The duty provided in the applicable subheading + 12.5%,"Except for products described in headings 9903.05.85–9903.05.92, articles the product of Türkiye, as provided for in U.S. note 52 to this subchapter"
9903.05.80,in effect,,301-forced-labor,Section 301 Forced Labor – United Arab Emirates,1,yes,The duty provided in the applicable subheading + 12.5%,"Except for products described in headings 9903.05.85–9903.05.92, articles the product of the United Arab Emirates, as provided for in U.S. note 52 to this subchapter"
9903.05.81,in effect,,301-forced-labor,Section 301 Forced Labor – United Kingdom,1,yes,The duty provided in the applicable subheading + 10%,"Except for products described in headings 9903.05.85–9903.05.92 and 9903.05.96, articles the product of the United Kingdom, as provided for in U.S. note 52 to this subchapter"
9903.05.82,in effect,,301-forced-labor,Section 301 Forced Labor – Uruguay,1,yes,The duty provided in the applicable subheading + 12.5%,"Except for products described in headings 9903.05.85–9903.05.92, articles the product of Uruguay, as provided for in U.S. note 52 to this subchapter"
9903.05.83,in effect,,301-forced-labor,Section 301 Forced Labor – Venezuela,1,yes,The duty provided in the applicable subheading + 12.5%,"Except for products described in headings 9903.05.85–9903.05.92, articles the product of Venezuela, as provided for in U.S. note 52 to this subchapter"
9903.05.84,in effect,,301-forced-labor,Section 301 Forced Labor – Vietnam,1,yes,The duty provided in the applicable subheading + 12.5%,"Except for products described in headings 9903.05.85–9903.05.92, articles the product of Vietnam, as provided for in U.S. note 52 to this subchapter"
9903.05.85,in effect,,301-forced-labor,"Section 301 Forced Labor Exemption: Articles Loaded Before July 24, Entered Before July 28",1,no,The duty provided in the applicable subheading,"Articles that (1) were loaded onto a vessel at the port of loading and in transit on the final mode of transit prior to entry into the United States before 12:01 a.m. eastern time on July 24, 2026; and (2) are entered for consumption, or withdrawn from warehouse for consumption, before 12:01 a.m. eastern time on July 28, 2026"
9903.05.86,in effect,,301-forced-labor,Section 301 Forced Labor Exemption: Specific Articles,1,yes,The duty provided in the applicable subheading,Articles provided for in subdivision (b) of U.S. note 52 to this subchapter
9903.05.87,in effect,,301-forced-labor,Section 301 Forced Labor Exemption: Particular Articles,1,yes,The duty provided in the applicable subheading,Articles provided for in subdivision (c) of U.S. note 52 to this subchapter
9903.05.88,in effect,,301-forced-labor,Section 301 Forced Labor Exemption: Civil Aircraft Articles,1,yes,The duty provided in the applicable subheading,"Articles of civil aircraft (all aircraft other than military aircraft); their engines, parts and components; their other parts, components and subassemblies; and ground flight simulators and their parts and components, as provided for in subdivision (d) of U.S. note 52 to this subchapter"
9903.05.89,in effect,,301-forced-labor,Section 301 Forced Labor Exemption: Articles for Use in Pharmaceutical Applications,1,yes,The duty provided in the applicable subheading,"Articles for use in pharmaceutical applications, as provided for in subdivision (e) of U.S. note 52 to this subchapter"
9903.05.90,in effect,,301-forced-labor,Section 301 Forced Labor Exemption: Section 232 Articles,2,yes,The duty provided in the applicable subheading,"Articles of aluminum, of steel or of copper or derivative aluminum or steel articles; passenger vehicles (sedans, sport utility vehicles, crossover utility vehicles, minivans and cargo vans) and light trucks; parts of passenger vehicles (sedans, sport utility vehicles, crossover utility vehicles, minivans and cargo vans) and light trucks; medium- and heavy-duty vehicles; parts of medium- and heavy-duty vehicles; wood products; patented pharmaceutical articles; and semiconductor articles, as provided in subdivision (f) of U.S. note 52 to this subchapter"
9903.05.91,in effect,,301-forced-labor,Section 301 Forced Labor Exemption: Donation,1,yes,The duty provided in the applicable subheading,"Articles that are donations by persons subject to the jurisdiction of the United States, such as food, clothing and medicine, intended to be used to relieve human suffering"
9903.05.92,in effect,,301-forced-labor,Section 301 Forced Labor Exemption: Information Material,1,yes,The duty provided in the applicable subheading,"Articles that are informational materials, including but not limited to publications, films, posters, phonograph records, photographs, microfilms, microfiche, tapes, compact disks, CD ROMs, artworks and news wire feeds"
9903.05.93,in effect,,301-forced-labor,Section 301 Forced Labor Exemption: Articles of Canada Entered via USMCA,1,yes,The duty provided in the applicable subheading,"Articles the product of Canada, as provided for in subdivision (g) of U.S. note 52 to this subchapter"
9903.05.94,in effect,,301-forced-labor,Section 301 Forced Labor Exemption: Articles of Mexico Entered via USMCA,1,yes,The duty provided in the applicable subheading,"Articles the product of Mexico, as provided for in subdivision (h) of U.S. note 52 to this subchapter"
9903.05.95,in effect,,301-forced-labor,Section 301 Forced Labor Exemption: Textiles or Apparel Entered via CAFTA-DR,1,yes,The duty provided in the applicable subheading,"Articles of textiles or apparel the product of Costa Rica, the Dominican Republic, El Salvador, Guatemala, Honduras or Nicaragua, as provided for in subdivision (i) of U.S. note 52 to this subchapter"
9903.05.96,in effect,,301-forced-labor,Section 301 Forced Labor Exemption: Articles of the United Kingdom,1,yes,The duty provided in the applicable subheading,"Articles the product of the United Kingdom, as provided for in subdivision (j)(1) of U.S. note 52 to this subchapter"
9903.05.97,in effect,,301-forced-labor,Section 301 Forced Labor Exemption: Articles of the European Union,1,yes,The duty provided in the applicable subheading,"Articles the product of a member state of the European Union, as provided for in subdivision (j)(2) of U.S. note 52 to this subchapter"
9903.05.98,in effect,,301-forced-labor,Section 301 Forced Labor Exemption: Articles of Switzerland,1,yes,The duty provided in the applicable subheading,"Articles the product of Switzerland, as provided for in subdivision (j)(3) of U.S. note 52 to this subchapter"
9903.05.99,in effect,,301-forced-labor,Section 301 Forced Labor Exemption: Specific Articles of Malaysia,1,yes,The duty provided in the applicable subheading,"Articles the product of Malaysia, as provided for in subdivision (j)(4)(i) of U.S. note 52 to this subchapter"
9903.06.01,in effect,,301-forced-labor,Section 301 Forced Labor Exemption: Particular Articles of Malaysia,1,yes,The duty provided in the applicable subheading,"Articles the product of Malaysia, as provided for in subdivision (j)(4)(ii) of U.S. note 52 to this subchapter"
9903.06.02,in effect,,301-forced-labor,Section 301 Forced Labor Exemption: Specific Articles of Cambodia,1,yes,The duty provided in the applicable subheading,"Articles the product of Cambodia, as provided for in subdivision (j)(5)(i) of U.S. note 52 to this subchapter"
9903.06.03,in effect,,301-forced-labor,Section 301 Forced Labor Exemption: Particular Articles of Cambodia,1,yes,The duty provided in the applicable subheading,"Articles the product of Cambodia, as provided for in subdivision (j)(5)(ii) of U.S. note 52 to this subchapter"
9903.06.04,in effect,,301-forced-labor,Section 301 Forced Labor Exemption: Specific Articles of Guatemala,1,yes,The duty provided in the applicable subheading,"Articles the product of Guatemala, as provided for in subdivision (j)(6)(i) of U.S. note 52 to this subchapter"
9903.06.05,in effect,,301-forced-labor,Section 301 Forced Labor Exemption: Particular Articles of Guatemala,1,yes,The duty provided in the applicable subheading,"Articles the product of Guatemala, as provided for in subdivision (j)(6)(ii) of U.S. note 52 to this subchapter"
9903.06.06,in effect,,301-forced-labor,Section 301 Forced Labor Exemption: Articles of Guatemala Entered via CAFTA-DR,1,yes,The duty provided in the applicable subheading,"Articles of textiles or apparel the product of Guatemala, as provided for in subdivision (j)(6)(iii) of U.S. note 52 to this subchapter"
9903.06.07,in effect,,301-forced-labor,Section 301 Forced Labor Exemption: Specific Articles of El Salvador,1,yes,The duty provided in the applicable subheading,"Articles the product of El Salvador, as provided for in subdivision (j)(7)(i) of U.S. note 52 to this subchapter"
9903.06.08,in effect,,301-forced-labor,Section 301 Forced Labor Exemption: Particular Articles of El Salvador,1,yes,The duty provided in the applicable subheading,"Articles the product of El Salvador, as provided for in subdivision (j)(7)(ii) of U.S. note 52 to this subchapter"
9903.06.09,in effect,,301-forced-labor,Section 301 Forced Labor Exemption: Articles of El Salvador Entered via CAFTA-DR,1,yes,The duty provided in the applicable subheading,"Articles of textiles or apparel the product of El Salvador, as provided for in subdivision (j)(7)(iii) of U.S. note 52 to this subchapter"
9903.06.10,in effect,,301-forced-labor,Section 301 Forced Labor Exemption: Specific Articles of Argentina,1,yes,The duty provided in the applicable subheading,"Articles the product of Argentina, as provided for in subdivision (j)(8)(i) of U.S. note 52 to this subchapter"
9903.06.11,in effect,,301-forced-labor,Section 301 Forced Labor Exemption: Particular Articles of Argentina,1,yes,The duty provided in the applicable subheading,"Articles the product of Argentina, as provided for in subdivision (j)(8)(ii) of U.S. note 52 to this subchapter"
9903.06.12,in effect,,301-forced-labor,Section 301 Forced Labor Exemption: Specific Articles of Bangladesh,1,yes,The duty provided in the applicable subheading,"Articles the product of Bangladesh, as provided for in subdivision (j)(9)(i) of U.S. note 52 to this subchapter"
9903.06.13,in effect,,301-forced-labor,Section 301 Forced Labor Exemption: Particular Articles of Bangladesh,1,yes,The duty provided in the applicable subheading,"Articles the product of Bangladesh, as provided for in subdivision (j)(9)(ii) of U.S. note 52 to this subchapter"
9903.06.14,in effect,,301-forced-labor,Section 301 Forced Labor Exemption: Specific Articles of Taiwan,1,yes,The duty provided in the applicable subheading,"Articles the product of Taiwan, as provided for in subdivision (j)(10)(i) of U.S. note 52 to this subchapter"
9903.06.15,in effect,,301-forced-labor,Section 301 Forced Labor Exemption: Particular Articles of Taiwan,1,yes,The duty provided in the applicable subheading,"Articles the product of Taiwan, as provided for in subdivision (j)(10)(ii) of U.S. note 52 to this subchapter"
9903.06.16,in effect,,301-forced-labor,Section 301 Forced Labor Exemption: Specific Articles of Indonesia,1,yes,The duty provided in the applicable subheading,"Articles the product of Indonesia, as provided for in subdivision (j)(11)(i) of U.S. note 52 to this subchapter"
9903.06.17,in effect,,301-forced-labor,Section 301 Forced Labor Exemption: Particular Articles of Indonesia,1,yes,The duty provided in the applicable subheading,"Articles the product of Indonesia, as provided for in subdivision (j)(11)(ii) of U.S. note 52 to this subchapter"
9903.06.18,in effect,,301-forced-labor,Section 301 Forced Labor Exemption: Specific Articles of Ecuador,1,yes,The duty provided in the applicable subheading,"Articles the product of Ecuador, as provided for in subdivision (j)(12)(i) of U.S. note 52 to this subchapter"
9903.06.19,in effect,,301-forced-labor,Section 301 Forced Labor Exemption: Particular Articles of Ecuador,1,yes,The duty provided in the applicable subheading,"Articles the product of Ecuador, as provided for in subdivision (j)(12)(ii) of U.S. note 52 to this subchapter"
9903.06.20,in effect,,301-forced-labor,Section 301 Forced Labor Exemption: Specific Articles of Jordan,1,yes,The duty provided in the applicable subheading,"Articles the product of Jordan, as provided for in subdivision (j)(13)(i) of U.S. note 52 to this subchapter"
9903.06.21,in effect,,301-forced-labor,Section 301 Forced Labor Exemption: Particular Articles of Jordan,1,yes,The duty provided in the applicable subheading,"Articles the product of Jordan, as provided for in subdivision (j)(13)(ii) of U.S. note 52 to this subchapter"
9903.08.20,in effect,,232-uas,Section 232 UAS: Not for Use With Unmanned Aircraft,1,yes,No change,Articles provided for in the enumerated provisions of subdivision (c) of U.S. note 43 to this subchapter that are not for use in or with the products described therein
9903.08.21,in effect,,232-uas,"Section 232 – Unmanned Aircraft, Parts and Components (100%)",1,yes,The duty provided in the applicable subheading + 100%,"Except as provided in headings 9903.08.23–9903.08.26, unmanned aircraft, their parts and components, as provided for in subdivisions (c)(1)–(3) of U.S. note 43 to this subchapter"
9903.08.22,in effect,,232-uas,Section 232 – Unmanned Aircraft Without Thermal Imaging (25%),1,yes,The duty provided in the applicable subheading + 25%,"Except as provided in headings 9903.08.23–9903.08.26, unmanned aircraft, as provided for in subdivision (c)(4) of U.S. note 43 to this subchapter"
9903.08.23,in effect,,232-uas,Section 232 UAS: United Kingdom (Critical Components From the U.S. or Allies),1,yes,The duty provided in the applicable subheading + 10%,"Unmanned aircraft, their parts and components that are the product of the United Kingdom, as provided for in subdivisions (d) of U.S. note 43 to this subchapter"
9903.08.24,in effect,,232-uas,"Section 232 UAS: Japan, Liechtenstein, South Korea, Switzerland, Taiwan, EU (15% Total)",1,yes,15%,"Unmanned aircraft, their parts and components that are the product of Japan, Liechtenstein, South Korea, Switzerland, Taiwan or a member nation of the European Union, as provided for in subdivisions (d) of U.S. note 43 to this subchapter"
9903.08.25,in effect,,232-uas,Section 232 UAS: Onshoring Plan Approved by DHS or the Department of War,1,yes,No change,"Unmanned aircraft, their parts and components, as provided for in subdivision (c) of U.S. note 43, imported for companies subject to an onshoring plan approved by the Department of Homeland Security or the Department of War"
9903.08.26,in effect,,232-uas,Section 232 UAS: Onshoring Plan Approved by the Secretary of Commerce,1,yes,No change,"Unmanned aircraft, their parts and components, as provided for in subdivision (c) of U.S. note 43, imported subject to an onshoring plan approved by the Secretary of Commerce in accordance with a process to be established in a Federal Register notice"
9903.45.30,in effect,,201-quartz,Section 201 – Quartz Surface Products (In Quota),4,yes,25%,"Quartz surface products, as defined in U.S. note 41(a) to this subchapter, when the product of any country not exempt under U.S. note 41(c) to this subchapter, if entered in an aggregate quantity not exceeding the quantity defined in U.S. note 41(d) to this subchapter"
9903.45.31,in effect,,201-quartz,Section 201 – Quartz Surface Products (Over Quota),4,yes,50%,"Quartz surface products, as defined in U.S. note 41(a) to this subchapter, when the product of any country not exempt under U.S. note 41(c) to this subchapter, if entered in an aggregate quantity exceeding the quantity defined in note 41(d) to this subchapter"
9903.54.02,in effect,,quotas,"Additional Quota: Lean Beef Trimmings (Sep 1 – Nov 30, 2026)",1,yes,No change,"In addition to the aggregate quantity of beef specified in additional U.S. note 3(a) to chapter 2 of the tariff schedule for any calendar year, and the aggregate quantity of lean beef trimmings of Argentina specified in additional U.S. note 3(b) to chapter 2 of the tariff schedule, 300,000 metric tons of lean beef trimmings of other countries or areas, described in statistical reporting numbers 0201.30.5091, 0201.30.5097, 0202.30.5091 and 0202.30.5097, may be entered for consumption, or withdrawn from warehouse for consumption, between 12:01 a.m. local port time on September 1, 2026, and 11:59 p.m. eastern time on November 30, 2026, as provided in subsections (c) and (d) of U.S. note 7 to this subchapter."
9903.74.01,in effect,,232-mhdv,Medium & Heavy Duty Vehicles,1,yes,The duty provided in the applicable subheading + 25%,Medium- and heavy-duty vehicles as provided for in subdivision (b) of U.S. note 38 to this subchapter.
9903.74.02,in effect,,232-mhdv,Buses & Similar Vehicles,1,yes,The duty provided in the applicable subheading + 10%,Buses and other vehicles classified in HTSUS heading 8702 as provided for in subdivision (c) of U.S. note 38 to this subchapter.
9903.74.03,in effect,,232-mhdv,US Content Exemption: Pay 25% on ONLY the Non-US Content of Heavy Duty Vehicles that are USMCA Eligible & Approved by Secretary of Commerce,1,yes,The duty provided in the applicable subheading + a duty of 25% upon the value of the non-U.S. content,"Medium- and heavy-duty vehicles, as provided for in subdivision (d) of U.S. note 38 to this subchapter."
9903.74.05,in effect,,232-mhdv,Article is NOT a Medium or Heavy Duty Vehicle,1,yes,The duty provided in the applicable subheading,Articles as provided for in subdivision (e) of U.S. note 38 to this subchapter.
9903.74.06,in effect,,232-mhdv,The US Content of an Article that Qualifies for 9903.74.03,1,yes,The duty provided in the applicable subheading,Articles as provided for in subdivision (f) of U.S. note 38 to this subchapter.
9903.74.07,in effect,,232-mhdv,"Heavy Duty Vehicles, Buses, and Similar Vehicles that were Manufactured Over 25 Years Prior to Enrty",1,yes,The duty provided in the applicable subheading,"Medium- and heavy-duty vehicles, as provided for in subdivision (g) of U.S. note 38 to this subchapter."
9903.74.08,in effect,,232-mhdv,Parts of Medium or Heavy Duty Vehicles,1,yes,The duty provided in the applicable subheading + 25%,"Medium- and heavy-duty vehicle parts, as provided for in subdivision (i) of U.S. note 38 to this subchapter."
9903.74.09,in effect,,232-mhdv,Parts for Production or Repair of Medium & Heavy Duty Vehicles in the US,1,yes,The duty provided in the applicable subheading + 25%,"Medium- and heavy-duty vehicle parts, as provided for in subdivision (j) of U.S. note 38 to this subchapter."
9903.74.10,in effect,,232-mhdv,"USCMA Qualified Medium & Heavy Duty Vehicle Parts that are NOT knock-down kits or parts compilations, whether or not being imported by an importer who produces or repairs MHDV's",1,yes,The duty provided in the applicable subheading,Articles as provided for in subdivision (k) of U.S. note 38 to this subchapter
9903.74.11,in effect,,232-mhdv,Is not a part for medium of heavy duty vehicles,1,yes,The duty provided in the applicable subheading,Articles as provided for in subdivision (l) of U.S. note 38 to this subchapter.
9903.76.01,in effect,,232-wood,Softwood & Timber Products,1,yes,The duty provided in the applicable subheading + 10%,Softwood timber and lumber products provided for in subdivision (b) of U.S. note 37 of this subchapter
9903.76.02,in effect,,232-wood,Upholstered Wooden Furniture Products,2,yes,The duty provided in the applicable subheading + 25%,Upholstered wooden furniture products provided for in subdivision (d) of U.S. note 37 of this subchapter
9903.76.03,in effect,,232-wood,Completed Kitchen Cabinets & Vanities (and parts thereof),2,yes,The duty provided in the applicable subheading + 25%,Completed kitchen cabinets and vanities and parts of kitchen cabinets and vanities provided for in subdivision (f) of U.S. note 37 of this subchapter
9903.76.04,in effect,,232-wood,Is Not a Completed Kitchen Cabinets & Vanities or its parts),1,yes,The duty provided in the applicable subheading,Articles as provided for in subdivision (g) of U.S. note 37 of this subchapter
9903.76.20,in effect,,232-wood,Upholstered Wooden Furniture Products & Completed Cabinets & Vanities and their parts from the United Kingdom,1,yes,The duty provided in the applicable subheading + 10%,Wood products of the United Kingdom as provided for in subdivisions (d) and (f) of U.S. note 37 of this subchapter
9903.76.21,in effect,,232-wood,Upholstered Wooden Furniture Products & Completed Cabinets & Vanities and their parts from Japan,1,yes,15%,Wood products of Japan as provided for in subdivisions (d) and (f) of U.S. note 37 of this subchapter
9903.76.22,in effect,,232-wood,Upholstered Wooden Furniture Products & Completed Cabinets & Vanities and their parts from the European Union,1,yes,15%,Wood products of the European Union as provided for in subdivisions (d) and (f) of U.S. note 37 of this subchapter
9903.76.23,in effect,,232-wood,Upholstered Wooden Furniture Products & Completed Cabinets & Vanities and their parts from South Korea,1,yes,15%,Wood products of South Korea as provided for in subdivisions (d) and (f) of U.S. note 37 of this subchapter
9903.76.24,in effect,,232-wood,Upholstered Wooden Furniture Products & Completed Cabinets & Vanities and their parts from Taiwan,1,yes,15%,Wood products of Taiwan as provided for in subdivisions (d) and (f) of U.S. note 37 of this subchapter
9903.79.01,in effect,,232-semiconductors,Semiconductor Articles Possibly Subject to Additional Tariffs,1,yes,The duty provided in the applicable subheading + 25%,Semiconductor articles as provided for in subdivisions (a) and (b) of U.S. note 39 to this subchapter
9903.82.01,in effect,,232-metals,"Section 232 Metal Exemption: Article Contains No Aluminum, Steel, or Copper",2,yes,No change,"Articles provided for in subdivision (c) of U.S. note 16 to this subchapter that do not contain any aluminum, steel, or copper"
9903.82.02,in effect,,232-metals,Section 232 Metals,2,yes,The duty provided in the applicable subheading + 50%,"Except as provided for in headings 9903.82.14, 9903.85.67 and 9903.85.68, articles of aluminum, of steel or of copper and derivative aluminum or steel articles, as provided for in subdivisions (c)(i)–(v) of U.S. note 16 to this subchapter"
9903.82.03,in effect,,232-metals,Section 232 Metal Exemption: Aggregate 232 Metal weight is <15% of Article Weight,1,yes,No change,"Except for articles classifiable in chapters 72, 73, 74 or 76, articles where the weight of the applicable metal is less than 15 percent of the weight of the imported article, as provided for in subdivision (c) of U.S. note 16 to this subchapter"
9903.82.04,in effect,,232-metals,232 Metals of UK Origin (95%+ Smelted or Most Recently Cast or Poured in UK),1,yes,The duty provided in the applicable subheading + 25%,"Articles of aluminum or of steel and derivative aluminum or steel articles the product of the United Kingdom, as provided for in subdivisions (c)(i)–(iv) and (d) of U.S. note 16 to this subchapter"
9903.82.05,in effect,,232-metals,Section 232 Metal Articles of UK Origin (95%+ Smelted or Most Recently Cast or Poured in UK),2,yes,The duty provided in the applicable subheading + 15%,"Derivative aluminum or steel articles the product of the United Kingdom, as provided for in subdivisions (c)(vi)–(vii) and (d) of U.S. note 16 to this subchapter"
9903.82.06,in effect,,232-metals,"Section 232 Metal Articles 95% smelted, cast, or poured in the US; Section 232 Metal Articles 85% smelted, cast, or poured in the US",2,yes,The duty provided in the applicable subheading + 10%,"Except as provided for in headings 9903.82.15 and 9903.85.68, articles of copper and derivative aluminum and steel articles, as provided for in subdivisions (c)(ii), (iv), (vi)–(viii), (xi) and (e) of U.S. note 16 to this subchapter"
9903.82.07,in effect,,232-metals,"Section 232 Metal Articles, with metals over 95% smelted, cast, or poured in the US, and <10% Column 1 Ad Valorem Rate of Duty (Replaces General Duty); Section 232 Metal Articles, with metals 85%+ smelted, cast, or poured in the US, and <10% Column 1 Ad Valorem Rate of Duty (Replaces General Duty)",2,yes,10%,"Except as provided for in headings 9903.82.12, 9903.82.17 and 9903.85.68, derivative aluminum and steel articles with an ad valorem (or ad valorem equivalent) rate of duty under column 1 less than 10 percent, as provided for in subdivisions (c)(ix)–(x) and (e) of U.S. note 16 to this subchapter"
9903.82.08,in effect,,232-metals,"Section 232 Metal Articles, with metals 95%+ smelted, cast, or poured in the US, and 10%+ Column 1 Ad Valorem Rate of Duty; Section 232 Metal Articles, with metals 85%+ smelted, cast, or poured in the US, and 10%+ Column 1 Ad Valorem Rate of Duty",2,yes,No change,"Except as provided for in headings 9903.82.12, 9903.82.17 and 9903.85.68, derivative aluminum and steel articles with an ad valorem (or ad valorem equivalent) rate of duty under column 1 equal to or greater than 10 percent, as provided for in subdivisions (c)(ix)–(x) and (e) of U.S. note 16 to this subchapter"
9903.82.09,in effect,,232-metals,Section 232 Metal Articles provided for in 16(c)(vi)–(viii),2,yes,The duty provided in the applicable subheading + 25%,"Except as provided for in headings 9903.82.16, 9903.82.20–9903.82.26 and 9903.85.68, articles of copper and derivative aluminum and steel articles, as provided for in subdivisions (c)(vi)–(viii) and (xi) of U.S. note 16 to this subchapter"
9903.82.10,in effect,,232-metals,"Section 232 Metal Articles, <15% Column 1 Ad Valorem Rate of Duty (Replaces General Duty)",1,yes,15%,"Except as provided for in headings 9903.82.12, 9903.82.17 and 9903.85.68, derivative aluminum and steel articles with an ad valorem (or ad valorem equivalent) rate of duty under column 1 less than 15 percent, as provided for in subdivision (f) of U.S. note 16 to this subchapter"
9903.82.11,in effect,,232-metals,Section 232 Metal Articles 15%+ Column 1 Ad Valorem Rate of Duty,1,yes,No change,"Except as provided for in headings 9903.82.12, 9903.82.17 and 9903.85.68, derivative aluminum and steel articles with an ad valorem (or ad valorem equivalent) rate of duty under column 1 equal to or greater than 15 percent, as provided for in subdivision (f) of U.S. note 16 to this subchapter"
9903.82.12,in effect,,232-metals,Section 232 Metal Articles from Non Normal-Trade Relation Countries listed in General Note 3(B),1,yes,The duty provided in the applicable subheading + 25%,"Except as provided for in headings 9903.82.17 and 9903.85.68, derivative aluminum and steel articles the product of any country identified in general note 3(b), as provided for in subdivisions (c)(ix)–(x) of U.S. note 16 to this subchapter"
9903.82.13,in effect,,232-metals,Section 232 Metal Exemption: Parts for Manufacture of Motorcycles in the US,2,yes,No change,"Motorcycle parts, as provided for in subdivision (g) of U.S. note 16 to the subchapter"
9903.82.14,in effect,,232-metals,Section 232 Metal Articles from Russia,1,yes,The duty provided in the applicable subheading + 50%,"Articles of steel or of copper and derivative steel the product of the Russian Federation, as provided for in subdivisions (c)(iii)–(v) of U.S. note 16 to this subchapter"
9903.82.15,in effect,,232-metals,"Section 232 Metal Articles from Russia, 95%+ smelted, cast, or poured in the US; Section 232 Metal Articles from Russia, 85%+ smelted, cast, or poured in the US",2,yes,The duty provided in the applicable subheading + 10%,"Articles of copper and derivative steel the product of the Russian Federation, as provided for in subdivisions (c)(iv), (vii), (viii), (xi) and (e) of U.S. note 16 to this subchapter"
9903.82.16,in effect,,232-metals,Section 232 Metal Articles from Russia,2,yes,The duty provided in the applicable subheading + 25%,"Articles of copper and derivative steel the product of the Russian Federation, as provided for in subdivisions (c)(vii)–(viii) and (xi) of U.S. note 16 to this subchapter"
9903.82.17,in effect,,232-metals,Section 232 Metal Articles from Russia,1,yes,The duty provided in the applicable subheading + 25%,"Derivative steel articles the product of the Russian Federation, as provided for in subdivision (c)(x) of U.S. note 16 to this subchapter"
9903.82.18,in effect,,232-metals,Section 232 Steel of Canada or Mexico Authorized by Commerce for a Reduced Rate (USMCA),1,yes,no change,"Certain articles of steel, as provided for in subdivisions (c)(iii) and (h) of U.S. note 16 to this subchapter"
9903.82.19,in effect,,232-metals,Section 232 Aluminum of Canada or Mexico Authorized by Commerce for a Reduced Rate (USMCA),1,yes,no change,"Certain articles of aluminum, as provided for in subdivision (c)(i) and subdivision (i) of U.S. note 16 to this subchapter"
9903.82.20,in effect,,232-metals,Section 232 Mobile Industrial Equipment (16(c)(xi)) under USMCA: Non-U.S. Content and U.S. Content Above 40%,1,yes,The duty provided in the applicable subheading + a duty of 25%,Derivative steel articles as provided in subdivision (j) of U.S. note 16 to this subchapter
9903.82.21,in effect,,232-metals,Section 232 Mobile Industrial Equipment (16(c)(xi)) under USMCA: U.S. Content up to 40% (No Duty),1,yes,No change,Derivative steel articles as provided in subdivision (j) of U.S. note 16 to this subchapter
9903.82.22,in effect,,232-metals,Section 232 Mobile Industrial Equipment (16(c)(xi)) of Partner Countries: 15% Including Base Duty,1,yes,15%,"Derivative steel articles the product of Argentina, Ecuador, El Salvador, Guatemala, Japan, the Republic of Korea, Liechtenstein, Switzerland, Taiwan, the United Kingdom, or a member nation of the European Union, as provided for in subdivision (c)(xi) of U.S. note 16 to this subchapter"
9903.82.23,in effect,,232-metals,"Parts for Agricultural/Industrial Equipment (16(k)), 85%+ U.S.-Melted Metal, <10% Column 1 Rate (Topped Up to 10%)",1,yes,10%,"Articles of copper and derivative aluminum and steel articles with an ad valorem (or ad valorem equivalent) rate of duty under column 1 less than 10 percent, as provided for in subdivisions (e) and (k) of U.S. note 16 to this subchapter"
9903.82.24,in effect,,232-metals,"Parts for Agricultural/Industrial Equipment (16(k)), 85%+ U.S.-Melted Metal, 10%+ Column 1 Rate",1,yes,No change,"Articles of copper and derivative aluminum and steel articles with an ad valorem (or ad valorem equivalent) rate of duty under column 1 equal to or greater than 10 percent, as provided for in subdivisions (e) and (k) of U.S. note 16 to this subchapter"
9903.82.25,in effect,,232-metals,"Parts for Agricultural/Industrial Equipment (16(k)), <15% Column 1 Rate (Topped Up to 15%)",1,yes,15%,"Articles of copper and derivative aluminum and steel articles with an ad valorem (or ad valorem equivalent) rate of duty under column 1 less than 15 percent, as provided for in subdivisions (f) and (k) of U.S. note 16 to this subchapter"
9903.82.26,in effect,,232-metals,"Parts for Agricultural/Industrial Equipment (16(k)), 15%+ Column 1 Rate",1,yes,No change,"Articles of copper and derivative aluminum and steel articles with an ad valorem (or ad valorem equivalent) rate of duty under column 1 equal to or greater than 15 percent, as provided for in subdivisions (f) and (k) of U.S. note 16 to this subchapter"
9903.85.67,in effect,,232-metals,Aluminum Smelted or Casted in Russia (Section 232),1,yes,The duty provided in the applicable subheading + 200%,"Aluminum articles that are the product of Russia, or where any amount of primary aluminum used in the manufacture of the aluminum articles is smelted in Russia, or where the aluminum articles are cast in Russia, the foregoing under the terms of note 19(a)(vii)(A) to this subchapter, or note 19(m)(A) to this subchapter, as applicable per the date of entry for consumption or withdrawal from warehouse for consumption, except any exclusions that may be determined and announced by the Department of Commerce"
9903.85.68,in effect,,232-metals,Derivative Aluminum Articles from Russia where Primary Aluminum is Smelted or Cast in Russia (Section 232),1,yes,The duty provided in the applicable subheading + 200%,"Derivative aluminum articles that are products of Russia, or where any amount of primary aluminum used in the manufacture of the derivative articles is smelted in Russia, or where the derivative aluminum articles are cast in Russia, when such derivative articles are provided for in the headings or subheadings enumerated in note 19(a)(iii) to this subchapter, or notes 19(i), 19(j) or 19(k) to this subchapter, as applicable per the date of entry for consumption or withdrawal from warehouse for consumption, except any exclusions that may be determined and announced by the Department of Commerce"
9903.88.01,in effect,,301-china,Articles the product of China from 20 (a) and (b) (Section 301),1,yes,The duty provided in the applicable subheading plus 25%,"Except as provided in headings 9903.88.05, 9903.88.06, 9903.88.07, 9903.88.08, 9903.88.10, 9903.88.11, 9903.88.14, 9903.88.19, 9903.88.50, 9903.88.52, 9903.88.58, 9903.88.60, 9903.88.62, 9903.88.66, 9903.88.67, 9903.88.68, or 9903.88.69, articles the product of China, as provided for in U.S. note 20(a) to this subchapter and as provided for in the subheadings enumerated in U.S. note 20(b) [to this subchapter]"
9903.88.02,in effect,,301-china,Articles the product of China from 20 (c) and (d) (Section 301),1,yes,The duty provided in the applicable subheading + 25%,"Except as provided in headings 9903.88.12, 9903.88.17, 9903.88.20, 9903.88.54, 9903.88.59, 9903.88.61, 9903.88.63, 9903.88.66, 9903.88.67, 9903.88.68, 9903.88.69, or 9903.88.70, articles the product of China, as provided for in U.S. note 20(c) to this subchapter and as provided for in the subheadings enumerated in U.S. note 20(d)"
9903.88.03,in effect,,301-china,Articles of China from 20 (e) and (f) (Section 301),1,yes,The duty provided in the applicable subheading + 25%,"Except as provided in headings 9903.88.13, 9903.88.18, 9903.88.33, 9903.88.34, 9903.88.35, 9903.88.36, 9903.88.37, 9903.88.38, 9903.88.40, 9903.88.41, 9903.88.43, 9903.88.45, 9903.88.46, 9903.88.48, 9903.88.56, 9903.88.64, 9903.88.66, 9903.88.67, 9903.88.68, or 9903.88.69, articles the product of China, as provided for in U.S. note 20(e) to this subchapter and as provided for in the subheadings enumerated in U.S. note 20(f)"
9903.88.04,in effect,,301-china,Articles of China from 20 (g) (Section 301),1,yes,The duty provided in the applicable subheading + 25%,"Except as provided in headings 9903.88.33, 9903.88.34, 9903.88.36, 9903.88.37, 9903.88.38, 9903.88.40, 9903.88.46, 9903.88.48, 9903.88.56, 9903.88.64, 9903.88.66, 9903.88.67, or 9903.88.69, articles the product of China, as provided for in U.S. note 20(g) to this subchapter and as provided for in the subheadings enumerated in U.S. note 20(g)"
9903.88.15,in effect,,301-china,Articles of China from 20 (r) and (s) (Section 301),1,yes,The duty provided in the applicable subheading + 7.5%,"Except as provided in headings 9903.88.39, 9903.88.42, 9903.88.44, 9903.88.47, 9903.88.49, 9903.88.51, 9903.88.53, 9903.88.55, 9903.88.57, 9903.88.65, 9903.88.66, 9903.88.67, 9903.88.68, or 9903.88.69, articles the product of China, as provided for in U.S. note 20(r) to this subchapter and as provided for in the subheadings enumerated in U.S. note 20(s)"
9903.88.69,in effect,,301-china,"Articles of China from Ch.99, III, 20(vvv) (Exclusions)",1,yes,The duty provided in the applicable subheading,"Effective with respect to entries on or after June 15, 2024 and through November 9, 2026, articles the product of China, as provided for in U.S. note 20(vvv) to this subchapter, each covered by an exclusion granted by the U.S. Trade Representative"
9903.88.70,in effect,,301-china,"Articles of China from Ch.99, III, 20(www) (Exclusions)",1,yes,The duty provided in the applicable subheading,"Effective with respect to entries on or after January 1, 2024, and through November 9, 2026, articles the product of China, as provided in U.S. note 20(www) to this subchapter, each covered by an exclusion granted by the U.S. Trade Representative"
9903.91.01,in effect,,301-china,"Entries from China in 31(b) after Sept.27, 2024",1,yes,The duty provided in the applicable subheading + 25%,"Effective with respect to entries on or after September 27, 2024, articles the product of China, as provided for in subdivision (b) of U.S. note 31 to this subchapter"
9903.91.02,in effect,,301-china,"Articles of China from 31(c) after Sept.27, 2024",1,yes,The duty provided in the applicable subheading + 50%,"Effective with respect to entries on or after September 27, 2024, articles the product of China, as provided for in subdivision (c) of U.S. note 31 to this subchapter"
9903.91.03,in effect,,301-china,"Articles of China from 31(d) after Sept.27, 2024",1,yes,The duty provided in the applicable subheading + 100%,"Except as provided in heading 9903.91.10, effective with respect to entries on or after September 27, 2024, articles the product of China, as provided for in subdivision (d) of U.S. note 31 to this subchapter"
9903.91.04,in effect,,301-china,Articles of China from 31(e),1,no,The duty provided in the applicable subheading + 25%,"Effective with respect to entries on or after January 1, 2025, and before January 1, 2026, articles the product of China, as provided for in subdivision (e) of U.S. note 31 to this subchapter"
9903.91.05,in effect,,301-china,Articles of China from 31(f),1,yes,The duty provided in the applicable subheading + 50%,"Effective with respect to entries on or after January 1, 2025, articles the product of China, as provided for in subdivision (f) of U.S. note 31 to this subchapter"
9903.91.06,in effect,,301-china,Articles of China from 31(g),1,yes,The duty provided in the applicable subheading + 25%,"Effective with respect to entries on or after January 1, 2026, articles the product of China, as provided for in subdivision (g) of U.S. note 31 to this subchapter"
9903.91.07,in effect,,301-china,Articles of China from 31(h),1,yes,The duty provided in the applicable subheading + 50%,"Effective with respect to entries on or after January 1, 2026, articles the product of China, as provided for in subdivision (h) of U.S. note 31 to this subchapter"
9903.91.08,in effect,,301-china,Articles of China from 31(i),1,yes,The duty provided in the applicable subheading + 100%,"Effective with respect to entries on or after January 1, 2026, articles the product of China, as provided for in subdivision (i) of U.S. note 31 to this subchapter"
9903.91.11,in effect,,301-china,Articles of China from 31(j),1,yes,The duty provided in the applicable subheading + 25%,"Effective with respect to entries on or after January 1, 2025, articles the product of China, as provided for in subdivision (j) of U.S. note 31 to this subchapter"
9903.92.10,in effect,,301-china,Ship-to-Shore Gantry Cranes of China Additional Tariff,1,yes,The duty provided in the applicable subheading + 25%,"Except as provided in heading 9903.91.09, ship-to-shore gantry cranes, configured as a high- or low-profile steel superstructure and designed to unload intermodal containers from vessels with coupling devices for containers, including spreaders or twist-locks (provided for in subheading 8426.19.00)"
9903.94.01,in effect,,232-autos,Section 232 Automobiles,1,yes,The duty provided in the applicable subheading + 25%,"Except for products described in headings 9903.94.02, 9903.94.03, 9903.94.04, 9903.94.31, 9903.94.40, 9903.94.41, 9903.94.50, 9903.94.51, 9903.94.60, and 9903.94.61, passenger vehicles (sedans, sport utility vehicles, crossover utility vehicles, minivans, and cargo vans) and light trucks, as specified in note 33 to this subchapter, as provided for in subdivision (b) of U.S. note 33 to this subchapter"
9903.94.02,in effect,,232-autos,"The U.S Content of Articles of Ch.99, III, 33(b) OR non passenger vehicles / light trucks of those headings",1,yes,The duty provided in the applicable subheading,"Effective with respect to entries on or after April 3, 2025, articles as provided for in subdivision (c) of U.S. note 33 to this subchapter."
9903.94.03,in effect,,232-autos,Tariff On Only The Non-US Content of Passenger Vehicles / Light Trucks If Approved by Secretary of Commerce,1,yes,The duty provided in the applicable subheading + a duty of 25% upon the value of the non-U.S. content,"Effective with respect to entries on or after April 3, 2025, certain passenger vehicles and light trucks, as provided for in subdivision (d) of U.S. note 33 to this subchapter."
9903.94.04,in effect,,232-autos,Manufactured at least 25 Years Prior to Date of Entry,1,yes,The duty provided in the applicable subheading,"Effective with respect to entries on or after April 3, 2025, certain passenger vehicles and light trucks, as provided for in subdivision (e) of U.S. note 33 to this subchapter."
9903.94.05,in effect,,232-autos,Section 232 Auto Parts,2,yes,The duty provided in the applicable subheading + 25%,"Except for products described in headings 9903.94.06, 9903.94.32, 9903.94.33, 9903.94.42, 9903.94.43, 9903.94.44, 9903.94.45, 9903.94.52, 9903.94.53, 9903.94.54, 9903.94.55, 9903.94.62, 9903.94.63, 9903.94.66 and 9903.94.67, automobile parts, as provided for in subdivision (g) of U.S. note 33 to this subchapter"
9903.94.06,in effect,,232-autos,"Is not an auto part for passenger vehicles or light trucks, or is an auto part that is USCMA Eligible other than knock-down kits or parts compilations",1,yes,The duty provided in the applicable subheading,"Effective with respect to entries on or after May 3, 2025, articles provided for in subdivision (h) of U.S. note 33 to this subchapter."
9903.94.07,in effect,,232-autos,Parts for Production or Repair of Automobiles in the US,2,yes,The duty provided in the applicable subheading + 25%,"Except as provided for in headings 9903.94.33, 9903.94.44, 9903.94.45, 9903.94.54, 9903.94.55, 9903.94.64, 9903.94.65, 9903.94.68, and 9903.94.69, automobile parts as provided for in subdivision (p) of U.S. note 33 to this subchapter."
9903.94.31,in effect,,232-autos,Passenger Vehicles from the United Kingdom,1,yes,The duty provided in the applicable subheading + 7.5%,"Effective with respect to entries on or after June 30, 2025, passenger vehicles that are products of the United Kingdom as specified in subdivision (i) of U.S. note 33 to this subchapter, when entered under the terms of subdivision (i) of U.S. note 33 to this subchapter."
9903.94.32,in effect,,232-autos,Parts of Vehicles & Light Trucks of the United Kingdom,1,yes,10%,"Effective with respect to entries on or after June 30, 2025, parts of passenger vehicles and light trucks of the United Kingdom, classified in the subheadings enumerated in subdivision (j) of U.S. note 33 to this subchapter."
9903.94.33,in effect,,232-autos,Automobile parts of the United Kingdom that will be used in Automobiles of the United Kingdom,1,yes,10%,Automobile parts the product of the United Kingdom as provided for in subdivision (q) of U.S. note 33 to this subchapter.
9903.94.40,in effect,,232-autos,"Vehicles & Light Trucks of Japan, Duty >=15%",1,yes,The duty provided in the applicable subheading,"Passenger vehicles and light trucks that are products of Japan as provided for in subdivision (k) of U.S. note 33 to this subchapter, with an ad valorem (or ad valorem equivalent) rate of duty under column 1 equal to or greater than 15 percent as provided for in subdivision (m) of U.S. note 33 to this subchapter"
9903.94.41,in effect,,232-autos,"Vehicles & Light Trucks of Japan, Duty <15% (Replaces General Duty)",1,yes,15%,"Passenger vehicles and light trucks that are products of Japan provided for in subdivision (k) of U.S. note 33 to this subchapter, with an ad valorem (or ad valorem equivalent) rate of duty under column 1 less than 15 percent as provided for in subdivision (m) of U.S. note 33 to this subchapter."
9903.94.42,in effect,,232-autos,"Parts of Vehicles & Light Trucks of Japan, Duty >=15%",1,yes,The duty provided in the applicable subheading,"Parts of passenger vehicles and light trucks that are products of Japan as provided for subdivision (l) of U.S. note 33 to this subchapter, with an ad valorem (or ad valorem equivalent) rate of duty under column 1 equal to or greater than 15 percent as provided for in subdivision (m) of U.S. note 33 to this subchapter."
9903.94.43,in effect,,232-autos,"Parts of Vehicles & Light Trucks of Japan, Duty <15% (Replaces General Duty)",1,yes,15%,"Parts of passenger vehicles and light trucks that are products of Japan as provided for in subdivision (l) of U.S. note 33 to this subchapter, with an ad valorem (or ad valorem equivalent) rate of duty under column 1 less than 15 percent as provided for in subdivision (m) of U.S. note 33 to this subchapter."
9903.94.44,in effect,,232-autos,Automobile parts of the European Union with Column 1 Duty >=15%,1,yes,The duty provided in the applicable subheading,"Automobile parts the product of the European Union with an ad valorem (or ad valorem equivalent) rate of duty under column 1 equal to or greater than 15 percent, as provided for in subdivision (r) of U.S. note 33 to this subchapter."
9903.94.45,in effect,,232-autos,Automobile parts of the European Union with Column 1 Duty <15% (Replaces General Duty),1,yes,15%,"Automobile parts the product of the European Union with an ad valorem (or ad valorem equivalent) rate of duty under column 1 less than 15 percent, as provided for in subdivision (r) of U.S. note 33 to this subchapter."
9903.94.50,in effect,,232-autos,"Vehicles & Light Trucks of the European Union, Duty >=15%",1,yes,The duty provided in the applicable subheading,"Passenger vehicles and light trucks that are products of the European Union as specified in subdivision (n) of U.S. note 33 to this subchapter, with an ad valorem (or ad valorem equivalent as provided for in subdivision (m) of U.S. note 33 to this subchapter) rate of duty under column 1 equal to or greater than 15 percent."
9903.94.51,in effect,,232-autos,"Vehicles & Light Trucks of the European Union, Duty <15% (Replaces General Duty)",1,yes,15%,"Passenger vehicles and light trucks that are products of the European Union as specified in subdivision (n) of U.S. note 33 to this subchapter, with an ad valorem (or ad valorem equivalent as provided for in subdivision (m) of U.S. note 33 to this subchapter) rate of duty under column 1 less than 15 percent"
9903.94.52,in effect,,232-autos,"Parts of Vehicles & Light Trucks of the European Union, Duty >=15%",1,yes,The duty provided in the applicable subheading,"Parts of passenger vehicles and light trucks that are products of the European Union as specified in subdivision (o) of U.S. note 33 to this subchapter, with an ad valorem (or ad valorem equivalent as provided for in subdivision (m) of U.S. note 33 to this subchapter) rate of duty under column 1 equal to or greater than 15 percent."
9903.94.53,in effect,,232-autos,"Parts of Vehicles & Light Trucks of the European Union, Duty <15% (Replaces General Duty)",1,yes,15%,"Parts of passenger vehicles and light trucks that are products of the European Union as specified in subdivision (o) of U.S. note 33 to this subchapter, with an ad valorem (or ad valorem equivalent as provided for in subdivision (m) of U.S. note 33 to this subchapter) rate of duty under column1 less than 15 percent."
9903.94.54,in effect,,232-autos,"Automobile parts of the Japan from 33(r), with Column 1 Duty >=15%",1,yes,The duty provided in the applicable subheading,"Automobile parts the product of Japan with an ad valorem (or ad valorem equivalent) rate of duty under column 1 equal to or greater than 15 percent, as provided for in subdivision (r) of U.S. note 33 to this subchapter."
9903.94.55,in effect,,232-autos,"Automobile parts of Japan from 33(r), with Column 1 Duty <15% (Replaces General Duty)",1,yes,15%,"Automobile parts the product of Japan with an ad valorem (or ad valorem equivalent) rate of duty under column 1 less than 15 percent, as provided for in subdivision (r) of U.S. note 33 to this subchapter."
9903.94.60,in effect,,232-autos,"Vehicles & Light Trucks of South Korea, Duty >=15%",1,yes,The duty provided in the applicable subheading,"Passenger vehicles and light trucks that are products of South Korea as specified in subdivision (s) of U.S. note 33 to this subchapter, with an ad valorem (or ad valorem equivalent as provided for in subdivision (m) of U.S. note 33 to this subchapter) rate of duty under column 1-General or column 1-Special equal to or greater than 15 percent"
9903.94.61,in effect,,232-autos,"Vehicles & Light Trucks of South Korea, Duty <15% (Replaces General Duty)",1,yes,15%,"Passenger vehicles and light trucks that are products of South Korea as specified in subdivision (s) of U.S. note 33 to this subchapter, with an ad valorem (or ad valorem equivalent as provided for in subdivision (m) of U.S. note 33 to this subchapter) rate of duty under column 1-General or column 1-Special less than 15 percent"
9903.94.62,in effect,,232-autos,"Parts of Vehicles & Light Trucks of South Korea (33(g) & 33(t)), Duty >=15%",1,yes,The duty provided in the applicable subheading,"Parts of passenger vehicles and light trucks that are products of South Korea as specified in subdivisions (g) and (t) of U.S. note 33 to this subchapter, with an ad valorem (or ad valorem equivalent as provided for in subdivision (m) of U.S. note 33 to this subchapter) rate of duty under column 1-General or column 1-Special equal to or greater than 15 percent"
9903.94.63,in effect,,232-autos,"Parts of Vehicles & Light Trucks of South Korea (33(g) & 33(t)), Duty <15% (Replaces General Duty)",1,yes,15%,"Parts of passenger vehicles and light trucks that are products of South Korea as specified in subdivisions (g) and (t) of U.S. note 33 to this subchapter, with an ad valorem (or ad valorem equivalent as provided for in subdivision (m) of U.S. note 33 to this subchapter) rate of duty under column 1-General or column 1-Special less than 15 percent"
9903.94.64,in effect,,232-autos,"Parts of Vehicles & Light Trucks of South Korea from 33(r) & 33(t), with Column 1 Duty >=15%",1,yes,The duty provided in the applicable subheading,"Parts of passenger vehicles and light trucks that are products of South Korea as specified in subdivisions (r) and (t) of U.S. note 33 to this subchapter, with an ad valorem (or ad valorem equivalent as provided for in subdivision (m) of U.S. note 33 to this subchapter) rate of duty under column 1-General or column 1-Special equal to or greater than 15 percent"
9903.94.65,in effect,,232-autos,"Parts of Vehicles & Light Trucks of South Korea from 33(r) & 33(t), with Column 1 Duty <15% (Replaces General Duty)",1,yes,15%,"Parts of passenger vehicles and light trucks that are products of South Korea as specified in subdivisions (r) and (t) of U.S. note 33 to this subchapter, with an ad valorem (or ad valorem equivalent as provided for in subdivision (m) of U.S. note 33 to this subchapter) rate of duty under column 1-General or column 1-Special less than 15 percent"
9903.94.66,in effect,,232-autos,"Parts of Vehicles & Light Trucks of Taiwan (33(g) & 33(u)), Duty >=15%",1,yes,No change,"Parts of passenger vehicles and light trucks that are products of Taiwan as provided for in subdivisions (g) and (u) of U.S. note 33 to this subchapter, with an ad valorem (or ad valorem equivalent as provided for in subdivision (m) of U.S. note 33 to this subchapter) rate of duty under column 1-General or column 1-Special equal to or greater than 15 percent"
9903.94.67,in effect,,232-autos,"Parts of Vehicles & Light Trucks of Taiwan (33(g) & 33(u)), Duty <15% (Topped Up to 15%)",1,yes,15%,"Parts of passenger vehicles and light trucks that are products of Taiwan as provided for in subdivisions (g) and (u) of U.S. note 33 to this subchapter, with an ad valorem (or ad valorem equivalent as provided for in subdivision (m) of U.S. note 33 to this subchapter) rate of duty under column 1-General or column 1-Special less than 15 percent"
9903.94.68,in effect,,232-autos,"Parts of Vehicles & Light Trucks of Taiwan from 33(r) & 33(u), with Column 1 Duty >=15%",1,yes,No change,"Parts of passenger vehicles and light trucks that are products of Taiwan as specified in subdivisions (r) and (u) of U.S. note 33 to this subchapter, with an ad valorem (or ad valorem equivalent as provided for in subdivision (m) of U.S. note 33 to this subchapter) rate of duty under column 1-General or column 1-Special equal to or greater than 15 percent"
9903.94.69,in effect,,232-autos,"Parts of Vehicles & Light Trucks of Taiwan from 33(r) & 33(u), with Column 1 Duty <15% (Topped Up to 15%)",1,yes,15%,"Parts of passenger vehicles and light trucks that are products of Taiwan as provided for in subdivisions (r) and (u) of U.S. note 33 to this subchapter, with an ad valorem (or ad valorem equivalent as provided for in subdivision (m) of U.S. note 33 to this subchapter) rate of duty under column 1-General or column 1-Special less than 15 percent"
9903.96.01,in effect,,aircraft-agreements,"U.K. Civil Aircraft, Engines, Parts, Components, & Subassemblies",1,yes,The duty provided in the applicable subheading,"Effective with respect to entries on or after June 30, 2025, articles of civil aircraft (all aircraft other than military aircraft); their engines, parts, and components; their other parts, components, and subassemblies; and ground flight simulators and their parts and components of the United Kingdom, classified in the subheadings enumerated in subdivision (a) of U.S. note 35 to this subchapter."
9903.96.02,in effect,,aircraft-agreements,Articles of Civil Aircraft of Japan,1,yes,The duty provided in the applicable subheading,"Articles of civil aircraft (all aircraft other than military aircraft); their engines, parts, and components; their other parts, components, and subassemblies; and ground flight simulators and their parts and components of Japan, excluding unmanned aircraft, classified in the subheadings enumerated in subdivision (b) of U.S. note 35 to this subchapter."
9903.96.03,in effect,,aircraft-agreements,Taiwan Civil Aircraft Components (Exempt from Section 232 Metals),1,yes,No change,"Civil aircraft (all aircraft other than military aircraft and unmanned aircraft) components that are products of Taiwan, provided for in subdivision (c) of U.S. note 35 to this subchapter"
