heading,note,modeled_in_engine,rate,description
9903.89.05,Duties suspended except on certain goods entered from foreign trade zones,no,The duty provided in the applicable subheading + 15%,"New airplanes and other new aircraft, as defined in U.S. note 21(b) to this subchapter (other than military airplanes or other military aircraft), of an unladen weight exceeding 30,000 kg (described in statistical reporting numbers 8802.40.0040, 8802.40.0060 or 8802.40.0070)"
9903.89.10,Duties suspended except on certain goods entered from foreign trade zones,no,The duty provided in the applicable subheading + 25%,Provided for in the subheadings enumerated in U.S. note 21(c) to this subchapter
9903.89.13,Duties suspended except on certain goods entered from foreign trade zones,no,The duty provided in the applicable subheading + 25%,Provided for in subheadings enumerated in U.S. note 21(d) to this subchapter
9903.89.16,Duties suspended except on certain goods entered from foreign trade zones,no,The duty provided in the applicable subheading + 25%,Provided for in subheadings enumerated in U.S. note 21(e) to this subchapter
9903.89.19,Duties suspended except on certain goods entered from foreign trade zones,no,The duty provided in the applicable subheading + 25%,Provided for in subheadings enumerated in U.S. note 21(f) to this subchapter
9903.89.22,Duties suspended except on certain goods entered from foreign trade zones,no,The duty provided in the applicable subheading + 25%,Provided for in subheadings enumerated in U.S. note 21(g) to this subchapter
9903.89.25,Duties suspended except on certain goods entered from foreign trade zones,no,The duty provided in the applicable subheading + 25%,Provided for in subheadings enumerated in U.S. note 21(h) to this subchapter
9903.89.28,Duties suspended except on certain goods entered from foreign trade zones,no,The duty provided in the applicable subheading + 25%,Provided for in subheadings enumerated in U.S. note 21(i) to this subchapter
9903.89.31,Duties suspended except on certain goods entered from foreign trade zones,no,The duty provided in the applicable subheading + 25%,Provided for in subheadings enumerated in U.S. note 21(j) to this subchapter
9903.89.34,Duties suspended except on certain goods entered from foreign trade zones,no,The duty provided in the applicable subheading + 25%,Provided for in subheadings enumerated in U.S. note 21(k) to this subchapter
9903.89.37,Duties suspended except on certain goods entered from foreign trade zones,no,The duty provided in the applicable subheading + 25%,Provided for in subheadings enumerated in U.S. note 21(l) to this subchapter
9903.89.40,Duties suspended except on certain goods entered from foreign trade zones,no,The duty provided in the applicable subheading + 25%,Provided for in subheadings enumerated in U.S. note 21(m) to this subchapter
9903.89.43,Duties suspended except on certain goods entered from foreign trade zones,no,The duty provided in the applicable subheading + 25%,Provided for in subheadings enumerated in U.S. note 21(n) to this subchapter
9903.89.46,Duties suspended except on certain goods entered from foreign trade zones,no,The duty provided in the applicable subheading + 25%,Provided for in subheadings enumerated in U.S. note 21(o) to this subchapter
9903.89.49,Duties suspended except on certain goods entered from foreign trade zones,no,The duty provided in the applicable subheading + 25%,Provided for in subheadings enumerated in U.S. note 21(p) to this subchapter
9903.89.52,Duties suspended except on certain goods entered from foreign trade zones,no,The duty provided in the applicable subheading + 25%,Provided for in subheadings enumerated in U.S. note 21(q) to this subchapter
9903.89.55,Duties suspended except on certain goods entered from foreign trade zones,no,The duty provided inthe applicable subheading+ 25%,Provided for in subheadings enumerated in U.S. note 21(r) to this subchapter
9903.89.57,Duties suspended except on certain goods entered from foreign trade zones,no,The duty provided in the applicable subheading + 25%,Provided for in subheadings enumerated in U.S. note 21(s) to this subchapter
9903.89.61,Duties suspended except on certain goods entered from foreign trade zones,no,The duty provided in the applicable subheading + 15%,"Fuselages and fuselage sections, wings and wing assemblies (other than wings having exterior surfaces of carbon composite material), horizontal stabilizers, and vertical stabilizers as defined in U.S. note 21(t), suitable for use solely or principally with new airplanes and other aircraft of an unladen weight over 30,000 kg as described in subheading 9903.89.05 (described in statistical reporting number 8803.30.0030)"
